META; english/league-1/oldham-v-port-vale; 2016-12-27 20:22:43 GMT+2; 2017-01-02 15:00; e70300-dr003
Oldham; 1; 6/5; ; ; 11/10; 1; 11/10; 10/11; 21/20; 21/20; 1; ; 1; ; 23/20; 21/20; 1; ; 1; ; 1; ; ; ; 1; ; ; ; 
Draw; 12/5; 23/10; ; ; 5/2; 23/10; 5/2; 9/4; 5/2; 12/5; 23/10; ; 12/5; ; 23/10; 5/2; 40/17; ; 12/5; ; 40/17; ; ; ; 12/5; ; ; ; 
Port Vale; 11/4; 21/10; ; ; 13/5; 5/2; 5/2; 5/2; 13/5; 5/2; 5/2; ; 53/20; ; 12/5; 13/5; 13/5; ; 13/5; ; 13/5; ; ; ; 11/4; ; ; ; 
META; english/league-1/oldham-v-port-vale; 2016-12-28 00:22:35 GMT+2; 2017-01-02 15:00; e70300-dr003
Oldham; 1; 6/5; ; ; 11/10; 1; 11/10; 10/11; 21/20; 21/20; 1; ; 1; ; 23/20; 21/20; 1; ; 1; ; 1; ; ; ; 1; ; ; ; 
Draw; 12/5; 23/10; ; ; 5/2; 23/10; 5/2; 9/4; 5/2; 12/5; 23/10; ; 12/5; ; 23/10; 5/2; 40/17; ; 12/5; ; 40/17; ; ; ; 12/5; ; ; ; 
Port Vale; 11/4; 21/10; ; ; 13/5; 5/2; 5/2; 5/2; 13/5; 5/2; 5/2; ; 53/20; ; 12/5; 13/5; 13/5; ; 13/5; ; 13/5; ; ; ; 11/4; ; ; ; 
META; english/league-1/oldham-v-port-vale; 2016-12-28 04:22:20 GMT+2; 2017-01-02 15:00; e70300-dr003
Oldham; 1; 6/5; ; 21/20; 11/10; 1; 11/10; 10/11; 21/20; 21/20; 1; ; 1; ; 23/20; 21/20; 1; 15/14; 1; 21/20; 1; ; ; 15/14; 1; ; ; ; 
Draw; 12/5; 23/10; ; 23/10; 5/2; 23/10; 5/2; 9/4; 5/2; 12/5; 23/10; ; 12/5; ; 23/10; 5/2; 40/17; 27/11; 12/5; 12/5; 40/17; ; ; 27/11; 12/5; ; ; ; 
Port Vale; 11/4; 21/10; ; 13/5; 13/5; 5/2; 5/2; 5/2; 13/5; 5/2; 5/2; ; 53/20; ; 12/5; 13/5; 13/5; 27/11; 13/5; 12/5; 13/5; ; ; 27/11; 11/4; ; ; ; 
META; english/league-1/oldham-v-port-vale; 2016-12-28 08:22:19 GMT+2; 2017-01-02 15:00; e70300-dr003
Oldham; 1; 6/5; ; 21/20; 11/10; 1; 11/10; 10/11; 21/20; 21/20; 1; ; 1; ; 23/20; 21/20; 1; 15/14; 1; 21/20; 1; ; ; 15/14; 1; ; ; ; 
Draw; 12/5; 23/10; ; 23/10; 5/2; 23/10; 5/2; 9/4; 5/2; 12/5; 23/10; ; 12/5; ; 23/10; 5/2; 12/5; 27/11; 12/5; 12/5; 12/5; ; ; 27/11; 12/5; ; ; ; 
Port Vale; 11/4; 21/10; ; 13/5; 13/5; 5/2; 5/2; 5/2; 13/5; 5/2; 5/2; ; 53/20; ; 12/5; 13/5; 5/2; 27/11; 13/5; 12/5; 5/2; ; ; 27/11; 11/4; ; ; ; 
META; english/league-1/oldham-v-port-vale; 2016-12-28 12:22:56 GMT+2; 2017-01-02 15:00; e70300-dr003
Oldham; 1; 6/5; ; 21/20; 11/10; 1; 11/10; 10/11; 21/20; 21/20; 1; ; 1; ; 23/20; 21/20; 1; 15/14; 1; 21/20; 1; ; ; 15/14; 1; ; ; ; 
Draw; 12/5; 23/10; ; 23/10; 5/2; 23/10; 5/2; 9/4; 5/2; 12/5; 23/10; ; 12/5; ; 23/10; 5/2; 12/5; 27/11; 12/5; 12/5; 12/5; ; ; 27/11; 12/5; ; ; ; 
Port Vale; 11/4; 21/10; ; 13/5; 13/5; 5/2; 5/2; 5/2; 13/5; 5/2; 5/2; ; 53/20; ; 12/5; 13/5; 28/11; 27/11; 13/5; 12/5; 28/11; ; ; 27/11; 11/4; ; ; ; 
META; english/league-1/oldham-v-port-vale; 2016-12-28 16:22:32 GMT+2; 2017-01-02 15:00; e70300-dr003
Oldham; 1; 6/5; ; 21/20; 11/10; 1; 11/10; 10/11; 21/20; 21/20; 1; 19/20; 1; ; 23/20; 21/20; 1; 15/14; 1; 21/20; 1; ; ; 15/14; 1; ; ; ; 
Draw; 12/5; 23/10; ; 23/10; 5/2; 23/10; 5/2; 9/4; 5/2; 12/5; 23/10; 23/10; 12/5; ; 23/10; 5/2; 12/5; 27/11; 12/5; 12/5; 12/5; ; ; 27/11; 12/5; ; ; ; 
Port Vale; 11/4; 21/10; ; 13/5; 13/5; 5/2; 5/2; 5/2; 13/5; 5/2; 5/2; 11/5; 53/20; ; 12/5; 13/5; 28/11; 27/11; 13/5; 12/5; 28/11; ; ; 27/11; 11/4; ; ; ; 
META; english/league-1/oldham-v-port-vale; 2016-12-28 20:22:34 GMT+2; 2017-01-02 15:00; e70300-dr003
Oldham; 1; 11/10; ; 11/10; 11/10; 1; 11/10; 10/11; 21/20; 21/20; 21/20; 23/20; 1; ; 23/20; 11/10; 1; 15/14; 1; 21/20; 1; ; 21/20; 15/14; 21/20; ; ; ; 
Draw; 12/5; 12/5; ; 23/10; 5/2; 23/10; 5/2; 9/4; 5/2; 12/5; 9/4; 23/10; 12/5; ; 23/10; 12/5; 12/5; 27/11; 12/5; 12/5; 12/5; ; 12/5; 27/11; 23/10; ; ; ; 
Port Vale; 11/4; 5/2; ; 13/5; 13/5; 12/5; 5/2; 5/2; 13/5; 5/2; 12/5; 12/5; 53/20; ; 12/5; 13/5; 5/2; 27/11; 13/5; 12/5; 5/2; ; 23/10; 27/11; 13/5; ; ; ; 
META; english/league-1/oldham-v-port-vale; 2016-12-29 00:22:26 GMT+2; 2017-01-02 15:00; e70300-dr003
Oldham; 1; 11/10; ; 11/10; 11/10; 1; 11/10; 10/11; 21/20; 21/20; 21/20; 23/20; 1; ; 23/20; 11/10; 21/20; 15/14; 1; 21/20; 1; ; 21/20; 15/14; 21/20; ; ; ; 
Draw; 12/5; 12/5; ; 23/10; 5/2; 23/10; 5/2; 9/4; 5/2; 12/5; 9/4; 23/10; 12/5; ; 23/10; 12/5; 40/17; 27/11; 12/5; 12/5; 40/17; ; 12/5; 27/11; 23/10; ; ; ; 
Port Vale; 11/4; 5/2; ; 13/5; 13/5; 12/5; 5/2; 5/2; 13/5; 5/2; 12/5; 12/5; 53/20; ; 12/5; 13/5; 27/11; 27/11; 13/5; 12/5; 28/11; ; 23/10; 27/11; 13/5; ; ; ; 
META; english/league-1/oldham-v-port-vale; 2016-12-29 04:22:23 GMT+2; 2017-01-02 15:00; e70300-dr003
Oldham; 1; 11/10; ; 11/10; 11/10; 1; 11/10; 10/11; 21/20; 21/20; 21/20; 23/20; 1; ; 23/20; 11/10; 1; 15/14; 1; 21/20; 1; ; 21/20; 15/14; 21/20; ; ; ; 
Draw; 12/5; 12/5; ; 23/10; 5/2; 23/10; 5/2; 9/4; 5/2; 12/5; 9/4; 23/10; 12/5; ; 23/10; 12/5; 40/17; 27/11; 12/5; 12/5; 40/17; ; 12/5; 27/11; 23/10; ; ; ; 
Port Vale; 11/4; 5/2; ; 13/5; 5/2; 12/5; 5/2; 5/2; 13/5; 5/2; 12/5; 12/5; 53/20; ; 12/5; 13/5; 28/11; 27/11; 13/5; 12/5; 28/11; ; 23/10; 27/11; 13/5; ; ; ; 
META; english/league-1/oldham-v-port-vale; 2016-12-29 08:22:33 GMT+2; 2017-01-02 15:00; e70300-dr003
Oldham; 1; 11/10; ; 11/10; 11/10; 1; 11/10; 10/11; 21/20; 21/20; 21/20; 23/20; 1; ; 23/20; 11/10; 1; 15/14; 1; 21/20; 1; ; 21/20; 15/14; 21/20; ; ; ; 
Draw; 12/5; 12/5; ; 23/10; 5/2; 23/10; 5/2; 9/4; 5/2; 12/5; 9/4; 23/10; 12/5; ; 23/10; 12/5; 12/5; 27/11; 12/5; 12/5; 12/5; ; 12/5; 27/11; 23/10; ; ; ; 
Port Vale; 11/4; 5/2; ; 13/5; 5/2; 12/5; 5/2; 5/2; 13/5; 5/2; 12/5; 12/5; 53/20; ; 12/5; 13/5; 5/2; 27/11; 13/5; 12/5; 5/2; ; 23/10; 27/11; 13/5; ; ; ; 
META; english/league-1/oldham-v-port-vale; 2016-12-29 12:23:06 GMT+2; 2017-01-02 15:00; e70300-dr003
Oldham; 1; 11/10; ; 11/10; 11/10; 1; 11/10; 10/11; 21/20; 21/20; 21/20; 23/20; 1; ; 23/20; 11/10; 1; 15/14; 1; 21/20; 1; ; 21/20; 15/14; 21/20; ; ; ; 
Draw; 12/5; 12/5; ; 23/10; 5/2; 23/10; 5/2; 9/4; 5/2; 12/5; 9/4; 23/10; 12/5; ; 23/10; 12/5; 40/17; 27/11; 12/5; 12/5; 40/17; ; 12/5; 27/11; 23/10; ; ; ; 
Port Vale; 11/4; 5/2; ; 13/5; 5/2; 12/5; 5/2; 5/2; 13/5; 5/2; 12/5; 12/5; 53/20; ; 12/5; 13/5; 5/2; 27/11; 13/5; 12/5; 5/2; ; 23/10; 27/11; 13/5; ; ; ; 
META; english/league-1/oldham-v-port-vale; 2016-12-29 16:23:19 GMT+2; 2017-01-02 15:00; e70300-dr003
Oldham; 1; 11/10; 11/10; 11/10; 11/10; 1; 11/10; 10/11; 21/20; 21/20; 21/20; 23/20; 1; 21/20; 23/20; 11/10; 1; 15/14; 1; 21/20; 1; ; 21/20; 15/14; 21/20; ; 21/20; ; 
Draw; 12/5; 12/5; 47/20; 23/10; 5/2; 23/10; 5/2; 9/4; 5/2; 12/5; 9/4; 23/10; 12/5; 12/5; 23/10; 12/5; 40/17; 27/11; 12/5; 12/5; 40/17; ; 12/5; 27/11; 23/10; ; 9/4; ; 
Port Vale; 11/4; 5/2; 5/2; 13/5; 5/2; 12/5; 5/2; 5/2; 13/5; 5/2; 12/5; 12/5; 53/20; 27/10; 12/5; 13/5; 5/2; 27/11; 13/5; 12/5; 5/2; ; 23/10; 27/11; 13/5; ; 12/5; ; 
META; english/league-1/oldham-v-port-vale; 2016-12-29 20:22:50 GMT+2; 2017-01-02 15:00; e70300-dr003
Oldham; 1; 11/10; 11/10; 11/10; 11/10; 1; 11/10; 10/11; 21/20; 21/20; 21/20; 23/20; 1; 21/20; 23/20; 11/10; 1; 15/14; 1; 21/20; 1; ; 21/20; 15/14; 21/20; ; 21/20; ; 
Draw; 12/5; 12/5; 47/20; 23/10; 5/2; 23/10; 5/2; 9/4; 5/2; 12/5; 9/4; 23/10; 12/5; 12/5; 23/10; 12/5; 40/17; 27/11; 12/5; 12/5; 40/17; ; 12/5; 27/11; 23/10; ; 9/4; ; 
Port Vale; 11/4; 5/2; 5/2; 13/5; 5/2; 12/5; 5/2; 5/2; 13/5; 5/2; 12/5; 12/5; 53/20; 27/10; 12/5; 13/5; 5/2; 27/11; 13/5; 12/5; 5/2; ; 23/10; 27/11; 13/5; ; 12/5; ; 
META; english/league-1/oldham-v-port-vale; 2016-12-30 00:22:30 GMT+2; 2017-01-02 15:00; e70300-dr003
Oldham; 1; 11/10; 11/10; 11/10; 11/10; 1; 11/10; 10/11; 21/20; 21/20; 21/20; 23/20; 1; 21/20; 23/20; 11/10; 1; 15/14; 1; 21/20; 1; ; 21/20; 15/14; 21/20; ; 21/20; ; 
Draw; 12/5; 12/5; 47/20; 23/10; 5/2; 23/10; 5/2; 9/4; 5/2; 12/5; 9/4; 23/10; 12/5; 12/5; 23/10; 12/5; 40/17; 27/11; 12/5; 12/5; 40/17; ; 12/5; 27/11; 23/10; ; 9/4; ; 
Port Vale; 11/4; 5/2; 5/2; 13/5; 5/2; 12/5; 5/2; 5/2; 13/5; 5/2; 12/5; 12/5; 53/20; 27/10; 12/5; 13/5; 5/2; 27/11; 13/5; 12/5; 5/2; ; 23/10; 27/11; 13/5; ; 12/5; ; 
META; english/league-1/oldham-v-port-vale; 2016-12-30 04:23:05 GMT+2; 2017-01-02 15:00; e70300-dr003
Oldham; 1; 11/10; 11/10; 11/10; 11/10; 1; 11/10; 10/11; 21/20; 21/20; 21/20; 23/20; 1; 21/20; 23/20; 11/10; 1; 15/14; 1; 21/20; 1; ; 21/20; 15/14; 21/20; ; 21/20; ; 
Draw; 12/5; 12/5; 47/20; 23/10; 5/2; 23/10; 5/2; 9/4; 5/2; 12/5; 9/4; 23/10; 12/5; 12/5; 23/10; 12/5; 40/17; 27/11; 12/5; 12/5; 40/17; ; 12/5; 27/11; 23/10; ; 9/4; ; 
Port Vale; 11/4; 5/2; 5/2; 13/5; 5/2; 12/5; 5/2; 5/2; 13/5; 5/2; 12/5; 12/5; 53/20; 27/10; 12/5; 13/5; 5/2; 27/11; 13/5; 12/5; 5/2; ; 23/10; 27/11; 13/5; ; 12/5; ; 
META; english/league-1/oldham-v-port-vale; 2016-12-30 08:22:28 GMT+2; 2017-01-02 15:00; e70300-dr003
Oldham; 1; 11/10; 11/10; 11/10; 11/10; 1; 11/10; 10/11; 21/20; 21/20; 21/20; 23/20; 1; 21/20; 23/20; 11/10; 1; 15/14; 1; 21/20; 1; ; 21/20; 15/14; 21/20; ; 21/20; ; 
Draw; 12/5; 12/5; 47/20; 9/4; 5/2; 23/10; 5/2; 9/4; 5/2; 12/5; 9/4; 23/10; 12/5; 12/5; 23/10; 12/5; 12/5; 27/11; 12/5; 12/5; 12/5; ; 12/5; 27/11; 23/10; ; 9/4; ; 
Port Vale; 11/4; 5/2; 5/2; 13/5; 5/2; 12/5; 5/2; 5/2; 13/5; 5/2; 12/5; 12/5; 53/20; 27/10; 12/5; 13/5; 5/2; 27/11; 13/5; 12/5; 5/2; ; 23/10; 27/11; 13/5; ; 12/5; ; 
META; english/league-1/oldham-v-port-vale; 2016-12-30 12:23:43 GMT+2; 2017-01-02 15:00; e70300-dr003
Oldham; 1; 11/10; 11/10; 11/10; 21/20; 1; 21/20; 10/11; 21/20; 21/20; 21/20; 23/20; 1; 21/20; 23/20; 11/10; 1; 15/14; 1; 21/20; 1; ; 21/20; 15/14; 21/20; ; 21/20; ; 
Draw; 12/5; 12/5; 23/10; 11/5; 5/2; 23/10; 5/2; 9/4; 5/2; 23/10; 11/5; 23/10; 12/5; 12/5; 23/10; 12/5; 40/17; 27/11; 23/10; 12/5; 40/17; ; 12/5; 27/11; 9/4; ; 9/4; ; 
Port Vale; 11/4; 5/2; 5/2; 13/5; 11/4; 12/5; 13/5; 5/2; 13/5; 5/2; 12/5; 12/5; 53/20; 27/10; 12/5; 13/5; 5/2; 27/11; 27/10; 12/5; 5/2; ; 23/10; 27/11; 13/5; ; 12/5; ; 
META; english/league-1/oldham-v-port-vale; 2016-12-30 16:23:02 GMT+2; 2017-01-02 15:00; e70300-dr003
Oldham; 1; 11/10; 11/10; 11/10; 21/20; 1; 21/20; 10/11; 21/20; 21/20; 21/20; 23/20; 1; 21/20; 23/20; 11/10; 1; 15/14; 1; 21/20; 1; ; 21/20; 15/14; 21/20; ; 21/20; ; 
Draw; 12/5; 12/5; 23/10; 11/5; 5/2; 23/10; 5/2; 9/4; 5/2; 23/10; 11/5; 23/10; 12/5; 12/5; 23/10; 12/5; 40/17; 27/11; 23/10; 12/5; 40/17; ; 12/5; 27/11; 9/4; ; 9/4; ; 
Port Vale; 11/4; 5/2; 5/2; 13/5; 11/4; 12/5; 13/5; 5/2; 13/5; 5/2; 12/5; 12/5; 53/20; 27/10; 12/5; 13/5; 5/2; 27/11; 27/10; 12/5; 5/2; ; 23/10; 27/11; 13/5; ; 12/5; ; 
META; english/league-1/oldham-v-port-vale; 2016-12-30 20:23:32 GMT+2; 2017-01-02 15:00; e70300-dr003
Oldham; 1; 11/10; 11/10; 11/10; 21/20; 1; 21/20; 10/11; 21/20; 21/20; 21/20; 23/20; 1; 21/20; 23/20; 11/10; 21/20; 15/14; 1; 21/20; 21/20; ; 21/20; 15/14; 21/20; ; 21/20; ; 
Draw; 12/5; 12/5; 23/10; 11/5; 5/2; 23/10; 5/2; 9/4; 5/2; 23/10; 11/5; 23/10; 12/5; 12/5; 23/10; 12/5; 40/17; 27/11; 23/10; 12/5; 40/17; ; 12/5; 27/11; 9/4; ; 9/4; ; 
Port Vale; 11/4; 5/2; 5/2; 13/5; 11/4; 12/5; 13/5; 5/2; 13/5; 5/2; 12/5; 12/5; 53/20; 27/10; 12/5; 13/5; 45/17; 27/11; 27/10; 12/5; 45/17; ; 23/10; 27/11; 13/5; ; 12/5; ; 
META; english/league-1/oldham-v-port-vale; 2016-12-31 00:22:13 GMT+2; 2017-01-02 15:00; e70300-dr003
Oldham; 1; 11/10; 11/10; 11/10; 21/20; 1; 21/20; 10/11; 21/20; 21/20; 21/20; 23/20; 1; 21/20; 23/20; 11/10; 21/20; 15/14; 1; 21/20; 21/20; ; 21/20; 15/14; 21/20; ; 21/20; ; 
Draw; 12/5; 12/5; 23/10; 11/5; 5/2; 23/10; 5/2; 9/4; 5/2; 23/10; 11/5; 23/10; 12/5; 12/5; 23/10; 12/5; 40/17; 27/11; 23/10; 12/5; 40/17; ; 12/5; 27/11; 9/4; ; 9/4; ; 
Port Vale; 11/4; 5/2; 5/2; 13/5; 11/4; 12/5; 13/5; 5/2; 13/5; 5/2; 12/5; 12/5; 53/20; 27/10; 12/5; 13/5; 45/17; 27/11; 27/10; 12/5; 45/17; ; 23/10; 27/11; 13/5; ; 12/5; ; 
META; english/league-1/oldham-v-port-vale; 2016-12-31 04:22:02 GMT+2; 2017-01-02 15:00; e70300-dr003
Oldham; 1; 11/10; 11/10; 11/10; 21/20; 1; 21/20; 10/11; 21/20; 21/20; 21/20; 23/20; 1; 21/20; 23/20; 11/10; 21/20; 15/14; 1; 21/20; 21/20; ; 21/20; 15/14; 21/20; ; 21/20; ; 
Draw; 12/5; 12/5; 23/10; 11/5; 5/2; 23/10; 5/2; 9/4; 5/2; 23/10; 11/5; 23/10; 12/5; 12/5; 23/10; 12/5; 40/17; 27/11; 23/10; 12/5; 40/17; ; 12/5; 27/11; 9/4; ; 9/4; ; 
Port Vale; 11/4; 5/2; 5/2; 13/5; 11/4; 12/5; 13/5; 5/2; 13/5; 5/2; 12/5; 12/5; 53/20; 27/10; 12/5; 13/5; 45/17; 27/11; 27/10; 12/5; 45/17; ; 23/10; 27/11; 13/5; ; 12/5; ; 
META; english/league-1/oldham-v-port-vale; 2016-12-31 08:21:49 GMT+2; 2017-01-02 15:00; e70300-dr003
Oldham; 1; 11/10; 11/10; 11/10; 21/20; 1; 21/20; 10/11; 21/20; 21/20; 21/20; 23/20; 1; 21/20; 23/20; 11/10; 21/20; 15/14; 1; 21/20; 21/20; ; 21/20; 15/14; 21/20; ; 21/20; ; 
Draw; 12/5; 12/5; 23/10; 11/5; 5/2; 23/10; 5/2; 9/4; 5/2; 23/10; 11/5; 23/10; 12/5; 12/5; 23/10; 12/5; 40/17; 27/11; 23/10; 12/5; 40/17; ; 12/5; 27/11; 9/4; ; 9/4; ; 
Port Vale; 11/4; 5/2; 5/2; 13/5; 11/4; 12/5; 13/5; 5/2; 13/5; 5/2; 12/5; 12/5; 53/20; 27/10; 12/5; 13/5; 45/17; 27/11; 27/10; 12/5; 45/17; ; 23/10; 27/11; 13/5; ; 12/5; ; 
META; english/league-1/oldham-v-port-vale; 2016-12-31 12:22:31 GMT+2; 2017-01-02 15:00; e70300-dr003
Oldham; 1; 11/10; 11/10; 11/10; 21/20; 1; 21/20; 10/11; 21/20; 21/20; 21/20; 23/20; 1; 21/20; 23/20; 11/10; 21/20; 15/14; 1; 21/20; 21/20; ; 21/20; 15/14; 21/20; ; 21/20; ; 
Draw; 12/5; 12/5; 23/10; 11/5; 5/2; 23/10; 5/2; 9/4; 5/2; 23/10; 11/5; 23/10; 12/5; 12/5; 23/10; 12/5; 40/17; 27/11; 23/10; 12/5; 40/17; ; 12/5; 27/11; 9/4; ; 9/4; ; 
Port Vale; 11/4; 5/2; 5/2; 13/5; 11/4; 12/5; 13/5; 5/2; 13/5; 5/2; 12/5; 12/5; 53/20; 27/10; 12/5; 13/5; 45/17; 27/11; 27/10; 12/5; 45/17; ; 23/10; 27/11; 13/5; ; 12/5; ; 
META; english/league-1/oldham-v-port-vale; 2016-12-31 16:23:31 GMT+2; 2017-01-02 15:00; e70300-dr003
Oldham; 1; 11/10; 11/10; 11/10; 21/20; 1; 21/20; 10/11; 21/20; 21/20; 21/20; 23/20; 1; 21/20; 23/20; 11/10; 21/20; 15/14; 1; 21/20; 21/20; ; 21/20; 15/14; 21/20; ; 20/21; 21/20; 
Draw; 12/5; 12/5; 23/10; 11/5; 5/2; 23/10; 5/2; 9/4; 5/2; 23/10; 11/5; 23/10; 12/5; 12/5; 23/10; 12/5; 40/17; 27/11; 23/10; 12/5; 40/17; ; 12/5; 27/11; 9/4; ; 11/5; 2; 
Port Vale; 11/4; 5/2; 5/2; 13/5; 11/4; 12/5; 13/5; 5/2; 13/5; 5/2; 12/5; 12/5; 53/20; 27/10; 12/5; 13/5; 45/17; 27/11; 27/10; 12/5; 45/17; ; 23/10; 27/11; 13/5; ; 12/5; 11/5; 
META; english/league-1/oldham-v-port-vale; 2016-12-31 20:22:01 GMT+2; 2017-01-02 15:00; e70300-dr003
Oldham; 19/20; 1; 1; 20/21; 1; 19/20; 1; 10/11; 1; 20/21; 19/20; 23/20; 19/20; 1; 1; 21/20; 19/20; 15/14; 1; 21/20; 19/20; 21/20; 1; 15/14; 1; ; 20/21; 10/11; 
Draw; 12/5; 12/5; 47/20; 12/5; 12/5; 23/10; 12/5; 9/4; 5/2; 23/10; 9/4; 23/10; 12/5; 5/2; 12/5; 12/5; 40/17; 27/11; 23/10; 12/5; 40/17; 51/20; 23/10; 27/11; 23/10; ; 23/10; 2; 
Port Vale; 29/10; 14/5; 14/5; 14/5; 3; 13/5; 14/5; 5/2; 14/5; 14/5; 27/10; 12/5; 57/20; 3; 14/5; 14/5; 29/10; 27/11; 27/10; 12/5; 29/10; 29/10; 5/2; 27/11; 14/5; ; 11/4; 5/2; 
META; english/league-1/oldham-v-port-vale; 2016-12-31 21:46:34 GMT+2; 2017-01-02 15:00; e70300-dr003
Oldham; 19/20; 1; 1; 20/21; 1; 19/20; 1; 10/11; 1; 20/21; 19/20; 23/20; 19/20; 1; 1; 21/20; 19/20; 15/14; 1; 21/20; 19/20; 21/20; 1; 15/14; 1; ; 20/21; 10/11; 
Draw; 12/5; 12/5; 47/20; 12/5; 12/5; 23/10; 12/5; 9/4; 5/2; 23/10; 9/4; 23/10; 12/5; 5/2; 12/5; 12/5; 40/17; 27/11; 23/10; 12/5; 40/17; 51/20; 23/10; 27/11; 23/10; ; 23/10; 2; 
Port Vale; 29/10; 14/5; 14/5; 14/5; 3; 13/5; 29/10; 5/2; 14/5; 14/5; 27/10; 12/5; 57/20; 3; 14/5; 14/5; 29/10; 27/11; 27/10; 12/5; 29/10; 29/10; 5/2; 27/11; 14/5; ; 11/4; 5/2; 
META; english/league-1/oldham-v-port-vale; 2016-12-31 23:46:30 GMT+2; 2017-01-02 15:00; e70300-dr003
Oldham; 19/20; 1; 1; 20/21; 1; 19/20; 1; 10/11; 1; 20/21; 19/20; 23/20; 19/20; 1; 1; 21/20; 19/20; 15/14; 1; 21/20; 19/20; 21/20; 1; 15/14; 1; ; 1; 10/11; 
Draw; 12/5; 12/5; 23/10; 12/5; 12/5; 23/10; 12/5; 9/4; 5/2; 12/5; 9/4; 23/10; 12/5; 5/2; 12/5; 12/5; 12/5; 27/11; 23/10; 12/5; 12/5; 51/20; 23/10; 27/11; 23/10; ; 23/10; 2; 
Port Vale; 29/10; 14/5; 14/5; 14/5; 3; 13/5; 29/10; 5/2; 14/5; 14/5; 27/10; 12/5; 57/20; 3; 14/5; 14/5; 37/13; 27/11; 27/10; 12/5; 37/13; 29/10; 5/2; 27/11; 11/4; ; 14/5; 5/2; 
META; english/league-1/oldham-v-port-vale; 2017-01-01 00:21:59 GMT+2; 2017-01-02 15:00; e70300-dr003
Oldham; 19/20; 1; 1; 20/21; 1; 19/20; 1; 10/11; 1; 20/21; 19/20; 23/20; 19/20; 1; 1; 21/20; 19/20; 15/14; 1; 21/20; 19/20; 21/20; 1; 15/14; 1; ; 1; 10/11; 
Draw; 12/5; 12/5; 23/10; 12/5; 12/5; 23/10; 12/5; 9/4; 5/2; 12/5; 9/4; 23/10; 12/5; 5/2; 12/5; 12/5; 12/5; 27/11; 23/10; 12/5; 12/5; 51/20; 23/10; 27/11; 23/10; ; 23/10; 2; 
Port Vale; 29/10; 14/5; 14/5; 14/5; 3; 13/5; 29/10; 5/2; 14/5; 14/5; 27/10; 12/5; 57/20; 3; 14/5; 14/5; 37/13; 27/11; 27/10; 12/5; 37/13; 29/10; 5/2; 27/11; 11/4; ; 14/5; 5/2; 
META; english/league-1/oldham-v-port-vale; 2017-01-01 00:43:53 GMT+2; 2017-01-02 15:00; e70300-dr003
Oldham; 19/20; 1; 1; 20/21; 1; 19/20; 1; 10/11; 1; 20/21; 19/20; 23/20; 19/20; 1; 1; 21/20; 19/20; 15/14; 1; 21/20; 19/20; 21/20; 1; 15/14; 1; ; 1; 10/11; 
Draw; 12/5; 12/5; 23/10; 12/5; 12/5; 23/10; 12/5; 9/4; 5/2; 12/5; 9/4; 23/10; 12/5; 5/2; 12/5; 12/5; 12/5; 27/11; 23/10; 12/5; 12/5; 51/20; 23/10; 27/11; 23/10; ; 23/10; 2; 
Port Vale; 29/10; 14/5; 14/5; 14/5; 3; 13/5; 29/10; 5/2; 14/5; 14/5; 27/10; 12/5; 57/20; 3; 14/5; 14/5; 37/13; 27/11; 27/10; 12/5; 37/13; 29/10; 5/2; 27/11; 11/4; ; 14/5; 5/2; 
META; english/league-1/oldham-v-port-vale; 2017-01-01 01:46:37 GMT+2; 2017-01-02 15:00; e70300-dr003
Oldham; 19/20; 1; 1; 20/21; 1; 19/20; 1; 10/11; 1; 20/21; 19/20; 23/20; 19/20; 1; 1; 21/20; 19/20; 15/14; 1; 21/20; 19/20; 21/20; 1; 15/14; 1; ; 20/21; 10/11; 
Draw; 12/5; 12/5; 23/10; 12/5; 12/5; 23/10; 12/5; 9/4; 5/2; 12/5; 9/4; 23/10; 12/5; 5/2; 12/5; 12/5; 12/5; 27/11; 23/10; 12/5; 12/5; 51/20; 23/10; 27/11; 23/10; ; 23/10; 2; 
Port Vale; 29/10; 14/5; 14/5; 14/5; 3; 13/5; 29/10; 5/2; 14/5; 14/5; 27/10; 12/5; 57/20; 3; 14/5; 14/5; 37/13; 27/11; 27/10; 12/5; 37/13; 29/10; 5/2; 27/11; 11/4; ; 14/5; 5/2; 
META; english/league-1/oldham-v-port-vale; 2017-01-01 03:46:30 GMT+2; 2017-01-02 15:00; e70300-dr003
Oldham; 19/20; 1; 1; 1; 1; 19/20; 1; 10/11; 1; 20/21; 19/20; 23/20; 19/20; 1; 1; 21/20; 19/20; 15/14; 1; 21/20; 19/20; 21/20; 1; 15/14; 1; ; 20/21; 10/11; 
Draw; 12/5; 12/5; 23/10; 23/10; 12/5; 23/10; 12/5; 9/4; 5/2; 12/5; 9/4; 23/10; 12/5; 5/2; 12/5; 12/5; 12/5; 27/11; 23/10; 12/5; 12/5; 51/20; 23/10; 27/11; 23/10; ; 23/10; 2; 
Port Vale; 29/10; 14/5; 14/5; 14/5; 3; 13/5; 29/10; 5/2; 14/5; 14/5; 27/10; 12/5; 57/20; 3; 14/5; 14/5; 37/13; 27/11; 27/10; 12/5; 37/13; 29/10; 5/2; 27/11; 11/4; ; 14/5; 5/2; 
META; english/league-1/oldham-v-port-vale; 2017-01-01 04:21:48 GMT+2; 2017-01-02 15:00; e70300-dr003
Oldham; 19/20; 1; 1; 1; 1; 19/20; 1; 10/11; 1; 20/21; 19/20; 23/20; 19/20; 1; 1; 21/20; 19/20; 15/14; 1; 21/20; 19/20; 21/20; 1; 15/14; 1; ; 20/21; 10/11; 
Draw; 12/5; 12/5; 23/10; 23/10; 12/5; 23/10; 12/5; 9/4; 5/2; 12/5; 9/4; 23/10; 12/5; 5/2; 12/5; 12/5; 12/5; 27/11; 23/10; 12/5; 12/5; 51/20; 23/10; 27/11; 23/10; ; 23/10; 2; 
Port Vale; 29/10; 14/5; 14/5; 14/5; 3; 13/5; 29/10; 5/2; 14/5; 14/5; 27/10; 12/5; 57/20; 3; 14/5; 14/5; 37/13; 27/11; 27/10; 12/5; 37/13; 29/10; 5/2; 27/11; 11/4; ; 14/5; 5/2; 
META; english/league-1/oldham-v-port-vale; 2017-01-01 05:46:34 GMT+2; 2017-01-02 15:00; e70300-dr003
Oldham; 21/20; 1; 1; 1; 1; 19/20; 1; 10/11; 1; 20/21; 19/20; 23/20; 19/20; 21/20; 1; 21/20; 19/20; 15/14; 1; 21/20; 19/20; 21/20; 1; 15/14; 1; ; 20/21; 10/11; 
Draw; 5/2; 12/5; 23/10; 23/10; 12/5; 23/10; 12/5; 9/4; 5/2; 12/5; 9/4; 23/10; 12/5; 5/2; 12/5; 12/5; 12/5; 27/11; 23/10; 12/5; 12/5; 51/20; 23/10; 27/11; 23/10; ; 23/10; 2; 
Port Vale; 3; 14/5; 14/5; 14/5; 3; 13/5; 29/10; 5/2; 14/5; 14/5; 27/10; 12/5; 57/20; 3; 14/5; 14/5; 37/13; 27/11; 27/10; 12/5; 37/13; 29/10; 5/2; 27/11; 11/4; ; 14/5; 5/2; 
META; english/league-1/oldham-v-port-vale; 2017-01-01 06:26:42 GMT+2; 2017-01-02 15:00; e70300-dr003
Oldham; 21/20; 1; 1; 1; 1; 19/20; 1; 10/11; 1; 20/21; 19/20; 23/20; 19/20; 21/20; 1; 21/20; 19/20; 15/14; 1; 21/20; 19/20; 21/20; 1; 15/14; 1; ; 20/21; 10/11; 
Draw; 5/2; 12/5; 23/10; 23/10; 12/5; 23/10; 5/2; 9/4; 5/2; 12/5; 9/4; 23/10; 12/5; 5/2; 12/5; 12/5; 12/5; 27/11; 23/10; 12/5; 12/5; 51/20; 23/10; 27/11; 23/10; ; 23/10; 2; 
Port Vale; 3; 14/5; 14/5; 14/5; 3; 13/5; 14/5; 5/2; 14/5; 14/5; 27/10; 12/5; 57/20; 3; 14/5; 14/5; 37/13; 27/11; 27/10; 12/5; 37/13; 29/10; 5/2; 27/11; 11/4; ; 14/5; 5/2; 
META; english/league-1/oldham-v-port-vale; 2017-01-01 07:46:33 GMT+2; 2017-01-02 15:00; e70300-dr003
Oldham; 21/20; 1; 1; 1; 21/20; 19/20; 1; 10/11; 1; 20/21; 19/20; 23/20; 19/20; 21/20; 1; 21/20; 19/20; 28/29; 1; 20/21; 19/20; 21/20; 1; 28/29; 1; ; 20/21; 10/11; 
Draw; 5/2; 12/5; 23/10; 23/10; 12/5; 23/10; 5/2; 9/4; 5/2; 12/5; 9/4; 23/10; 12/5; 5/2; 12/5; 12/5; 12/5; 27/11; 23/10; 12/5; 12/5; 51/20; 23/10; 27/11; 23/10; ; 23/10; 2; 
Port Vale; 3; 14/5; 14/5; 14/5; 3; 13/5; 14/5; 5/2; 14/5; 14/5; 27/10; 12/5; 57/20; 3; 14/5; 14/5; 37/13; 11/4; 27/10; 11/4; 37/13; 29/10; 5/2; 11/4; 11/4; ; 14/5; 5/2; 
META; english/league-1/oldham-v-port-vale; 2017-01-01 08:22:07 GMT+2; 2017-01-02 15:00; e70300-dr003
Oldham; 21/20; 1; 1; 1; 21/20; 19/20; 1; 10/11; 1; 20/21; 19/20; 23/20; 19/20; 21/20; 1; 21/20; 19/20; 28/29; 1; 20/21; 19/20; 21/20; 1; 28/29; 1; ; 20/21; 10/11; 
Draw; 5/2; 12/5; 23/10; 23/10; 12/5; 23/10; 5/2; 9/4; 5/2; 12/5; 9/4; 23/10; 12/5; 5/2; 12/5; 12/5; 12/5; 27/11; 23/10; 12/5; 12/5; 51/20; 23/10; 27/11; 23/10; ; 23/10; 2; 
Port Vale; 3; 14/5; 14/5; 14/5; 3; 13/5; 14/5; 5/2; 14/5; 14/5; 27/10; 12/5; 57/20; 3; 14/5; 14/5; 37/13; 11/4; 27/10; 11/4; 37/13; 29/10; 5/2; 11/4; 11/4; ; 14/5; 5/2; 
META; english/league-1/oldham-v-port-vale; 2017-01-01 09:46:32 GMT+2; 2017-01-02 15:00; e70300-dr003
Oldham; 21/20; 1; 1; 1; 21/20; 19/20; 1; 10/11; 1; 20/21; 19/20; 23/20; 19/20; 21/20; 1; 21/20; 1; 28/29; 1; 20/21; 1; 21/20; 1; 28/29; 1; ; 20/21; 10/11; 
Draw; 5/2; 12/5; 23/10; 23/10; 12/5; 23/10; 5/2; 9/4; 5/2; 12/5; 9/4; 23/10; 12/5; 5/2; 12/5; 12/5; 12/5; 27/11; 23/10; 12/5; 12/5; 51/20; 23/10; 27/11; 23/10; ; 23/10; 2; 
Port Vale; 3; 14/5; 14/5; 14/5; 3; 13/5; 14/5; 5/2; 14/5; 14/5; 27/10; 12/5; 57/20; 3; 14/5; 14/5; 37/13; 11/4; 27/10; 11/4; 37/13; 29/10; 5/2; 11/4; 11/4; ; 14/5; 5/2; 
META; english/league-1/oldham-v-port-vale; 2017-01-01 11:46:34 GMT+2; 2017-01-02 15:00; e70300-dr003
Oldham; 21/20; 1; 1; 1; 1; 19/20; 1; 10/11; 1; 20/21; 19/20; 1; 19/20; 1; 1; 21/20; 1; 28/29; 1; 20/21; 1; 21/20; 1; 28/29; 1; ; 20/21; 20/21; 
Draw; 5/2; 12/5; 23/10; 23/10; 12/5; 23/10; 5/2; 9/4; 5/2; 12/5; 9/4; 12/5; 12/5; 5/2; 12/5; 12/5; 12/5; 27/11; 23/10; 12/5; 12/5; 51/20; 23/10; 27/11; 12/5; ; 12/5; 12/5; 
Port Vale; 3; 14/5; 29/10; 14/5; 3; 13/5; 3; 5/2; 14/5; 14/5; 11/4; 14/5; 57/20; 3; 14/5; 14/5; 37/13; 11/4; 27/10; 11/4; 37/13; 29/10; 13/5; 11/4; 14/5; ; 14/5; 13/5; 
META; english/league-1/oldham-v-port-vale; 2017-01-01 12:22:24 GMT+2; 2017-01-02 15:00; e70300-dr003
Oldham; 21/20; 1; 1; 1; 1; 19/20; 1; 10/11; 1; 20/21; 19/20; 1; 19/20; 1; 1; 1; 1; 28/29; 1; 20/21; 1; 21/20; 1; 28/29; 1; ; 20/21; 20/21; 20/21
Draw; 5/2; 12/5; 23/10; 23/10; 12/5; 23/10; 5/2; 9/4; 5/2; 12/5; 9/4; 12/5; 12/5; 5/2; 12/5; 12/5; 12/5; 27/11; 23/10; 12/5; 12/5; 51/20; 23/10; 27/11; 12/5; ; 12/5; 12/5; 5/2
Port Vale; 3; 14/5; 29/10; 14/5; 3; 13/5; 29/10; 5/2; 14/5; 14/5; 11/4; 14/5; 57/20; 3; 14/5; 3; 37/13; 11/4; 27/10; 11/4; 37/13; 29/10; 13/5; 11/4; 14/5; ; 14/5; 13/5; 3
META; english/league-1/oldham-v-port-vale; 2017-01-01 12:45:09 GMT+2; 2017-01-02 15:00; e70300-dr003
Oldham; 21/20; 1; 1; 1; 1; 19/20; 1; 10/11; 1; 20/21; 19/20; 1; 19/20; 1; 1; 1; 1; 28/29; 1; 20/21; 1; 21/20; 1; 28/29; 1; ; 20/21; 20/21; 20/21
Draw; 5/2; 12/5; 23/10; 23/10; 12/5; 23/10; 5/2; 9/4; 5/2; 12/5; 9/4; 12/5; 12/5; 5/2; 12/5; 12/5; 12/5; 27/11; 23/10; 12/5; 12/5; 51/20; 23/10; 27/11; 12/5; ; 12/5; 12/5; 5/2
Port Vale; 3; 14/5; 29/10; 14/5; 3; 13/5; 29/10; 5/2; 14/5; 14/5; 11/4; 14/5; 57/20; 3; 14/5; 3; 37/13; 11/4; 27/10; 11/4; 37/13; 29/10; 13/5; 11/4; 14/5; ; 14/5; 13/5; 3
META; english/league-1/oldham-v-port-vale; 2017-01-01 13:46:46 GMT+2; 2017-01-02 15:00; e70300-dr003
Oldham; 21/20; 1; 1; 1; 1; 19/20; 1; 10/11; 1; 20/21; 1; 21/20; 19/20; 1; 1; 21/20; 19/20; 28/29; 1; 20/21; 19/20; 21/20; 1; 28/29; 1; ; 20/21; 20/21; 1
Draw; 5/2; 12/5; 23/10; 23/10; 12/5; 23/10; 5/2; 9/4; 5/2; 23/10; 12/5; 23/10; 12/5; 5/2; 12/5; 12/5; 40/17; 27/11; 23/10; 12/5; 40/17; 51/20; 23/10; 27/11; 12/5; ; 12/5; 12/5; 5/2
Port Vale; 3; 14/5; 29/10; 14/5; 3; 13/5; 29/10; 5/2; 14/5; 14/5; 14/5; 13/5; 57/20; 3; 14/5; 14/5; 29/10; 11/4; 27/10; 11/4; 29/10; 29/10; 13/5; 11/4; 3; ; 14/5; 13/5; 3
META; english/league-1/oldham-v-port-vale; 2017-01-01 15:46:42 GMT+2; 2017-01-02 15:00; e70300-dr003
Oldham; 11/10; 1; 21/20; 11/10; 11/10; 19/20; 11/10; 10/11; 21/20; 21/20; 1; 21/20; 21/20; 11/10; 1; 21/20; 21/20; 28/29; 1; 20/21; 21/20; 21/20; 21/20; 28/29; 11/10; ; 21/20; 21/20; 10/9
Draw; 5/2; 12/5; 23/10; 9/4; 12/5; 9/4; 5/2; 9/4; 12/5; 23/10; 12/5; 23/10; 12/5; 5/2; 12/5; 12/5; 40/17; 27/11; 23/10; 12/5; 40/17; 51/20; 23/10; 27/11; 12/5; ; 12/5; 23/10; 5/2
Port Vale; 11/4; 14/5; 27/10; 13/5; 13/5; 5/2; 13/5; 5/2; 11/4; 5/2; 11/4; 13/5; 14/5; 11/4; 11/4; 11/4; 28/11; 11/4; 27/10; 11/4; 28/11; 29/10; 5/2; 11/4; 13/5; ; 13/5; 5/2; 13/5
META; english/league-1/oldham-v-port-vale; 2017-01-01 16:22:07 GMT+2; 2017-01-02 15:00; e70300-dr003
Oldham; 11/10; 11/10; 23/20; 23/20; 11/10; 1; 11/10; 10/11; 21/20; 11/10; 21/20; 21/20; 11/10; 11/10; 23/20; 11/10; 11/10; 28/29; 1; 20/21; 11/10; 113/100; 21/20; 28/29; 11/10; ; 10/9; 21/20; 23/20
Draw; 5/2; 23/10; 9/4; 11/5; 12/5; 9/4; 5/2; 9/4; 12/5; 23/10; 12/5; 23/10; 12/5; 5/2; 23/10; 12/5; 40/17; 27/11; 23/10; 12/5; 40/17; 51/20; 23/10; 27/11; 23/10; ; 23/10; 23/10; 12/5
Port Vale; 11/4; 13/5; 5/2; 13/5; 13/5; 12/5; 13/5; 5/2; 11/4; 5/2; 13/5; 13/5; 13/5; 27/10; 12/5; 13/5; 27/11; 11/4; 27/10; 11/4; 27/11; 66/25; 12/5; 11/4; 13/5; ; 5/2; 5/2; 13/5
META; english/league-1/oldham-v-port-vale; 2017-01-01 17:46:36 GMT+2; 2017-01-02 15:00; e70300-dr003
Oldham; 11/10; 11/10; 23/20; 23/20; 23/20; 1; 11/10; 10/11; 11/10; 11/10; 21/20; 21/20; 11/10; 11/10; 23/20; 21/20; 11/10; 28/29; 1; 20/21; 11/10; 113/100; 21/20; 28/29; 11/10; ; 10/9; 21/20; 23/20
Draw; 5/2; 23/10; 11/5; 11/5; 12/5; 9/4; 5/2; 9/4; 12/5; 23/10; 12/5; 23/10; 12/5; 5/2; 23/10; 12/5; 23/10; 27/11; 23/10; 12/5; 23/10; 51/20; 23/10; 27/11; 23/10; ; 23/10; 23/10; 12/5
Port Vale; 11/4; 13/5; 5/2; 13/5; 13/5; 12/5; 13/5; 5/2; 13/5; 5/2; 13/5; 13/5; 13/5; 11/4; 12/5; 11/4; 28/11; 11/4; 27/10; 11/4; 28/11; 66/25; 12/5; 11/4; 13/5; ; 13/5; 5/2; 13/5
META; english/league-1/oldham-v-port-vale; 2017-01-01 18:28:13 GMT+2; 2017-01-02 15:00; e70300-dr003
Oldham; 11/10; 11/10; 23/20; 23/20; 23/20; 1; 11/10; 11/10; 11/10; 11/10; 21/20; 21/20; 11/10; 11/10; 23/20; 11/10; 11/10; 28/29; 1; 20/21; 11/10; 117/100; 21/20; 28/29; 11/10; ; 10/9; 21/20; 23/20
Draw; 5/2; 23/10; 11/5; 11/5; 12/5; 9/4; 5/2; 23/10; 12/5; 23/10; 12/5; 23/10; 12/5; 5/2; 23/10; 12/5; 23/10; 27/11; 23/10; 12/5; 23/10; 49/20; 23/10; 27/11; 23/10; ; 23/10; 23/10; 12/5
Port Vale; 11/4; 13/5; 5/2; 13/5; 13/5; 12/5; 13/5; 5/2; 13/5; 5/2; 13/5; 13/5; 13/5; 11/4; 12/5; 13/5; 28/11; 11/4; 27/10; 11/4; 28/11; 66/25; 12/5; 11/4; 13/5; ; 13/5; 5/2; 13/5
META; english/league-1/oldham-v-port-vale; 2017-01-01 19:46:29 GMT+2; 2017-01-02 15:00; e70300-dr003
Oldham; 11/10; 11/10; 23/20; 23/20; 23/20; 1; 11/10; 23/20; 11/10; 11/10; 21/20; 21/20; 11/10; 11/10; 23/20; 11/10; 11/10; 28/29; 1; 20/21; 11/10; 117/100; 21/20; 28/29; 11/10; ; 10/9; 21/20; 23/20
Draw; 5/2; 23/10; 11/5; 11/5; 12/5; 9/4; 5/2; 23/10; 12/5; 23/10; 12/5; 23/10; 12/5; 5/2; 23/10; 12/5; 23/10; 27/11; 23/10; 12/5; 23/10; 49/20; 23/10; 27/11; 23/10; ; 23/10; 23/10; 12/5
Port Vale; 11/4; 13/5; 5/2; 13/5; 13/5; 12/5; 13/5; 12/5; 13/5; 5/2; 13/5; 13/5; 13/5; 11/4; 12/5; 13/5; 28/11; 11/4; 27/10; 11/4; 28/11; 66/25; 12/5; 11/4; 13/5; ; 13/5; 5/2; 13/5
META; english/league-1/oldham-v-port-vale; 2017-01-01 20:22:13 GMT+2; 2017-01-02 15:00; e70300-dr003
Oldham; 11/10; 11/10; 23/20; 23/20; 23/20; 1; 11/10; 23/20; 11/10; 11/10; 21/20; 21/20; 11/10; 11/10; 23/20; 11/10; 11/10; 28/29; 1; 20/21; 11/10; 117/100; 21/20; 28/29; 11/10; ; 10/9; 21/20; 23/20
Draw; 5/2; 23/10; 11/5; 11/5; 12/5; 9/4; 5/2; 23/10; 12/5; 23/10; 12/5; 23/10; 12/5; 5/2; 23/10; 12/5; 23/10; 27/11; 23/10; 12/5; 23/10; 49/20; 23/10; 27/11; 23/10; ; 23/10; 23/10; 12/5
Port Vale; 11/4; 13/5; 5/2; 13/5; 13/5; 12/5; 13/5; 12/5; 13/5; 5/2; 13/5; 13/5; 13/5; 11/4; 12/5; 13/5; 28/11; 11/4; 27/10; 11/4; 28/11; 66/25; 12/5; 11/4; 13/5; ; 13/5; 5/2; 13/5
META; english/league-1/oldham-v-port-vale; 2017-01-01 21:46:31 GMT+2; 2017-01-02 15:00; e70300-dr003
Oldham; 11/10; 11/10; 23/20; 23/20; 23/20; 1; 11/10; 23/20; 11/10; 11/10; 21/20; 21/20; 11/10; 11/10; 23/20; 11/10; 11/10; 28/29; 1; 20/21; 11/10; 117/100; 21/20; 28/29; 11/10; ; 10/9; 21/20; 23/20
Draw; 5/2; 23/10; 11/5; 11/5; 12/5; 9/4; 5/2; 23/10; 12/5; 23/10; 12/5; 23/10; 12/5; 5/2; 23/10; 12/5; 23/10; 27/11; 23/10; 12/5; 23/10; 49/20; 23/10; 27/11; 23/10; ; 23/10; 9/4; 12/5
Port Vale; 11/4; 13/5; 5/2; 13/5; 13/5; 12/5; 13/5; 12/5; 13/5; 5/2; 13/5; 13/5; 13/5; 11/4; 12/5; 13/5; 28/11; 11/4; 27/10; 11/4; 28/11; 66/25; 12/5; 11/4; 13/5; ; 13/5; 12/5; 13/5
META; english/league-1/oldham-v-port-vale; 2017-01-01 23:46:29 GMT+2; 2017-01-02 15:00; e70300-dr003
Oldham; 11/10; 11/10; 23/20; 23/20; 23/20; 1; 11/10; 23/20; 11/10; 11/10; 21/20; 21/20; 11/10; 11/10; 23/20; 11/10; 11/10; 28/29; 1; 20/21; 11/10; 117/100; 21/20; 28/29; 11/10; ; 10/9; 21/20; 23/20
Draw; 5/2; 23/10; 11/5; 11/5; 12/5; 9/4; 5/2; 23/10; 12/5; 23/10; 12/5; 23/10; 12/5; 5/2; 23/10; 12/5; 23/10; 27/11; 23/10; 12/5; 23/10; 49/20; 23/10; 27/11; 23/10; ; 9/4; 11/5; 12/5
Port Vale; 11/4; 13/5; 5/2; 13/5; 13/5; 12/5; 13/5; 12/5; 13/5; 5/2; 13/5; 13/5; 13/5; 11/4; 12/5; 13/5; 28/11; 11/4; 27/10; 11/4; 28/11; 66/25; 12/5; 11/4; 13/5; ; 13/5; 5/2; 13/5
META; english/league-1/oldham-v-port-vale; 2017-01-02 00:21:49 GMT+2; 2017-01-02 15:00; e70300-dr003
Oldham; 11/10; 11/10; 23/20; 23/20; 23/20; 1; 11/10; 23/20; 11/10; 11/10; 21/20; 21/20; 11/10; 11/10; 23/20; 11/10; 11/10; 28/29; 1; 20/21; 11/10; 117/100; 21/20; 28/29; 11/10; ; 10/9; 21/20; 23/20
Draw; 5/2; 23/10; 11/5; 11/5; 12/5; 9/4; 5/2; 23/10; 12/5; 23/10; 12/5; 23/10; 12/5; 5/2; 23/10; 12/5; 23/10; 27/11; 23/10; 12/5; 23/10; 49/20; 23/10; 27/11; 23/10; ; 9/4; 11/5; 12/5
Port Vale; 11/4; 13/5; 5/2; 13/5; 13/5; 12/5; 13/5; 12/5; 13/5; 5/2; 13/5; 13/5; 13/5; 11/4; 12/5; 13/5; 28/11; 11/4; 27/10; 11/4; 28/11; 66/25; 12/5; 11/4; 13/5; ; 13/5; 5/2; 13/5
META; english/league-1/oldham-v-port-vale; 2017-01-02 00:43:32 GMT+2; 2017-01-02 15:00; e70300-dr003
Oldham; 11/10; 11/10; 23/20; 23/20; 23/20; 1; 11/10; 23/20; 11/10; 11/10; 21/20; 21/20; 11/10; 11/10; 23/20; 11/10; 11/10; 28/29; 1; 20/21; 11/10; 117/100; 21/20; 28/29; 11/10; ; 10/9; 21/20; 23/20
Draw; 5/2; 23/10; 11/5; 11/5; 12/5; 9/4; 5/2; 23/10; 12/5; 23/10; 12/5; 23/10; 12/5; 5/2; 23/10; 12/5; 23/10; 27/11; 23/10; 12/5; 23/10; 49/20; 23/10; 27/11; 23/10; ; 23/10; 11/5; 12/5
Port Vale; 11/4; 13/5; 5/2; 13/5; 13/5; 12/5; 13/5; 12/5; 13/5; 5/2; 13/5; 13/5; 13/5; 11/4; 12/5; 13/5; 28/11; 11/4; 27/10; 11/4; 28/11; 66/25; 12/5; 11/4; 13/5; ; 13/5; 5/2; 13/5
META; english/league-1/oldham-v-port-vale; 2017-01-02 01:46:29 GMT+2; 2017-01-02 15:00; e70300-dr003
Oldham; 11/10; 11/10; 23/20; 23/20; 23/20; 1; 11/10; 23/20; 11/10; 11/10; 21/20; 21/20; 11/10; 11/10; 23/20; 11/10; 11/10; 28/29; 1; 20/21; 11/10; 117/100; 21/20; 28/29; 11/10; ; 10/9; 21/20; 23/20
Draw; 5/2; 23/10; 11/5; 11/5; 12/5; 9/4; 5/2; 23/10; 12/5; 23/10; 12/5; 23/10; 12/5; 5/2; 23/10; 12/5; 23/10; 27/11; 23/10; 12/5; 23/10; 49/20; 23/10; 27/11; 23/10; ; 23/10; 11/5; 12/5
Port Vale; 11/4; 13/5; 5/2; 13/5; 13/5; 12/5; 13/5; 12/5; 13/5; 5/2; 13/5; 13/5; 13/5; 11/4; 12/5; 13/5; 28/11; 11/4; 27/10; 11/4; 28/11; 66/25; 12/5; 11/4; 13/5; ; 13/5; 5/2; 13/5
META; english/league-1/oldham-v-port-vale; 2017-01-02 03:46:25 GMT+2; 2017-01-02 15:00; e70300-dr003
Oldham; 11/10; 11/10; 23/20; 23/20; 23/20; 1; 11/10; 23/20; 11/10; 11/10; 21/20; 21/20; 11/10; 11/10; 23/20; 11/10; 11/10; 28/29; 1; 20/21; 11/10; 117/100; 21/20; 28/29; 11/10; ; 10/9; 21/20; 23/20
Draw; 5/2; 23/10; 11/5; 11/5; 12/5; 9/4; 5/2; 23/10; 12/5; 23/10; 12/5; 23/10; 12/5; 5/2; 23/10; 12/5; 23/10; 27/11; 23/10; 12/5; 23/10; 49/20; 23/10; 27/11; 23/10; ; 23/10; 11/5; 12/5
Port Vale; 11/4; 13/5; 5/2; 13/5; 13/5; 12/5; 13/5; 12/5; 13/5; 5/2; 13/5; 13/5; 13/5; 11/4; 12/5; 13/5; 28/11; 11/4; 27/10; 11/4; 28/11; 66/25; 12/5; 11/4; 13/5; ; 13/5; 9/4; 13/5
META; english/league-1/oldham-v-port-vale; 2017-01-02 04:21:48 GMT+2; 2017-01-02 15:00; e70300-dr003
Oldham; 11/10; 11/10; 23/20; 23/20; 23/20; 1; 11/10; 23/20; 11/10; 11/10; 21/20; 21/20; 11/10; 11/10; 23/20; 11/10; 11/10; 28/29; 1; 20/21; 11/10; 117/100; 21/20; 28/29; 11/10; ; 10/9; 21/20; 23/20
Draw; 5/2; 23/10; 11/5; 11/5; 12/5; 9/4; 5/2; 23/10; 12/5; 23/10; 12/5; 23/10; 12/5; 5/2; 23/10; 12/5; 23/10; 27/11; 23/10; 12/5; 23/10; 49/20; 23/10; 27/11; 23/10; ; 23/10; 11/5; 12/5
Port Vale; 11/4; 13/5; 5/2; 13/5; 13/5; 12/5; 13/5; 12/5; 13/5; 5/2; 13/5; 13/5; 13/5; 11/4; 12/5; 13/5; 28/11; 11/4; 27/10; 11/4; 28/11; 66/25; 12/5; 11/4; 13/5; ; 13/5; 5/2; 13/5
META; english/league-1/oldham-v-port-vale; 2017-01-02 05:46:27 GMT+2; 2017-01-02 15:00; e70300-dr003
Oldham; 11/10; 11/10; 23/20; 23/20; 23/20; 1; 11/10; 23/20; 11/10; 11/10; 21/20; 21/20; 11/10; 11/10; 23/20; 11/10; 11/10; 28/29; 1; 20/21; 11/10; 117/100; 21/20; 28/29; 11/10; ; 10/9; 10/9; 23/20
Draw; 5/2; 23/10; 11/5; 11/5; 12/5; 9/4; 5/2; 23/10; 12/5; 23/10; 12/5; 23/10; 12/5; 5/2; 23/10; 12/5; 23/10; 27/11; 23/10; 12/5; 23/10; 49/20; 23/10; 27/11; 23/10; ; 9/4; 9/4; 12/5
Port Vale; 11/4; 13/5; 5/2; 13/5; 13/5; 12/5; 13/5; 12/5; 13/5; 5/2; 13/5; 13/5; 13/5; 11/4; 12/5; 13/5; 28/11; 11/4; 27/10; 11/4; 28/11; 66/25; 12/5; 11/4; 13/5; ; 13/5; 13/5; 13/5
META; english/league-1/oldham-v-port-vale; 2017-01-02 06:26:47 GMT+2; 2017-01-02 15:00; e70300-dr003
Oldham; 11/10; 11/10; 23/20; 23/20; 23/20; 1; 11/10; 23/20; 11/10; 11/10; 21/20; 21/20; 11/10; 11/10; 23/20; 11/10; 21/20; 28/29; 1; 20/21; 21/20; 117/100; 21/20; 28/29; 11/10; ; 10/9; 10/9; 23/20
Draw; 5/2; 23/10; 9/4; 11/5; 12/5; 9/4; 5/2; 23/10; 12/5; 23/10; 12/5; 23/10; 12/5; 5/2; 23/10; 12/5; 23/10; 27/11; 23/10; 12/5; 23/10; 49/20; 23/10; 27/11; 23/10; ; 9/4; 9/4; 12/5
Port Vale; 11/4; 13/5; 13/5; 13/5; 13/5; 12/5; 13/5; 12/5; 13/5; 5/2; 13/5; 13/5; 13/5; 11/4; 12/5; 13/5; 28/11; 11/4; 27/10; 11/4; 28/11; 66/25; 12/5; 11/4; 13/5; ; 13/5; 13/5; 13/5
META; english/league-1/oldham-v-port-vale; 2017-01-02 07:46:25 GMT+2; 2017-01-02 15:00; e70300-dr003
Oldham; 11/10; 11/10; 23/20; 23/20; 23/20; 1; 11/10; 23/20; 11/10; 11/10; 21/20; 21/20; 11/10; 11/10; 23/20; 11/10; 21/20; 19/17; 1; 10/9; 21/20; 117/100; 21/20; 19/17; 11/10; ; 10/9; 10/9; 23/20
Draw; 5/2; 23/10; 9/4; 11/5; 12/5; 9/4; 5/2; 23/10; 12/5; 23/10; 12/5; 23/10; 12/5; 5/2; 23/10; 12/5; 23/10; 40/17; 23/10; 23/10; 23/10; 49/20; 23/10; 40/17; 23/10; ; 9/4; 9/4; 12/5
Port Vale; 11/4; 13/5; 13/5; 13/5; 13/5; 12/5; 13/5; 12/5; 13/5; 5/2; 13/5; 13/5; 13/5; 11/4; 12/5; 13/5; 28/11; 40/17; 27/10; 23/10; 28/11; 66/25; 12/5; 40/17; 13/5; ; 13/5; 13/5; 13/5
META; english/league-1/oldham-v-port-vale; 2017-01-02 08:21:56 GMT+2; 2017-01-02 15:00; e70300-dr003
Oldham; 11/10; 11/10; 11/10; 23/20; 23/20; 1; 11/10; 23/20; 11/10; 11/10; 21/20; 21/20; 11/10; 11/10; 23/20; 11/10; 11/10; 19/17; 1; 10/9; 11/10; 117/100; 21/20; 19/17; 23/20; ; 10/9; 10/9; 23/20
Draw; 5/2; 23/10; 9/4; 11/5; 12/5; 9/4; 5/2; 23/10; 12/5; 23/10; 12/5; 23/10; 12/5; 5/2; 23/10; 12/5; 23/10; 40/17; 23/10; 23/10; 23/10; 49/20; 23/10; 40/17; 23/10; ; 9/4; 9/4; 12/5
Port Vale; 11/4; 13/5; 13/5; 13/5; 13/5; 12/5; 13/5; 12/5; 13/5; 5/2; 13/5; 13/5; 13/5; 11/4; 12/5; 13/5; 5/2; 40/17; 27/10; 23/10; 5/2; 66/25; 12/5; 40/17; 13/5; ; 13/5; 13/5; 13/5
META; english/league-1/oldham-v-port-vale; 2017-01-02 09:46:33 GMT+2; 2017-01-02 15:00; e70300-dr003
Oldham; 11/10; 11/10; 11/10; 23/20; 23/20; 1; 11/10; 23/20; 11/10; 11/10; 21/20; 21/20; 11/10; 11/10; 23/20; 11/10; 11/10; 19/17; 1; 10/9; 11/10; 117/100; 21/20; 19/17; 23/20; ; 10/9; 10/9; 23/20
Draw; 5/2; 23/10; 9/4; 11/5; 12/5; 9/4; 5/2; 23/10; 12/5; 23/10; 12/5; 23/10; 12/5; 5/2; 23/10; 12/5; 23/10; 40/17; 23/10; 23/10; 23/10; 49/20; 23/10; 40/17; 23/10; ; 23/10; 23/10; 12/5
Port Vale; 11/4; 13/5; 13/5; 13/5; 13/5; 12/5; 13/5; 12/5; 13/5; 5/2; 13/5; 13/5; 13/5; 11/4; 12/5; 13/5; 5/2; 40/17; 27/10; 23/10; 5/2; 66/25; 12/5; 40/17; 13/5; ; 13/5; 13/5; 13/5
META; english/league-1/oldham-v-port-vale; 2017-01-02 11:46:05 GMT+2; 2017-01-02 15:00; e70300-dr003
Oldham; 21/20; 1; 21/20; 21/20; 21/20; 1; 21/20; 11/10; 11/10; 1; 1; 21/20; 21/20; 11/10; 21/20; 21/20; 21/20; 19/17; 1; 10/9; 21/20; 11/10; 21/20; 19/17; 21/20; ; 21/20; 21/20; 21/20
Draw; 5/2; 12/5; 9/4; 23/10; 12/5; 9/4; 5/2; 23/10; 12/5; 23/10; 12/5; 23/10; 12/5; 5/2; 12/5; 12/5; 40/17; 40/17; 23/10; 23/10; 40/17; 49/20; 23/10; 40/17; 12/5; ; 23/10; 23/10; 12/5
Port Vale; 3; 14/5; 27/10; 13/5; 3; 12/5; 11/4; 5/2; 11/4; 11/4; 11/4; 13/5; 11/4; 29/10; 13/5; 11/4; 45/17; 40/17; 27/10; 23/10; 45/17; 57/20; 5/2; 40/17; 11/4; ; 14/5; 11/4; 14/5
META; english/league-1/oldham-v-port-vale; 2017-01-02 12:21:43 GMT+2; 2017-01-02 15:00; e70300-dr003
Oldham; 21/20; 1; 21/20; 21/20; 11/10; 1; 21/20; 11/10; 11/10; 21/20; 11/10; 21/20; 21/20; 11/10; 21/20; 21/20; 21/20; 19/17; 1; 10/9; 21/20; 11/10; 21/20; 19/17; 21/20; ; 21/20; 21/20; 11/10
Draw; 5/2; 12/5; 9/4; 23/10; 12/5; 9/4; 5/2; 23/10; 12/5; 23/10; 12/5; 23/10; 12/5; 5/2; 12/5; 12/5; 40/17; 40/17; 23/10; 23/10; 40/17; 49/20; 23/10; 40/17; 12/5; ; 23/10; 23/10; 12/5
Port Vale; 3; 14/5; 27/10; 13/5; 11/4; 12/5; 11/4; 5/2; 11/4; 13/5; 11/4; 13/5; 11/4; 29/10; 13/5; 11/4; 45/17; 40/17; 27/10; 23/10; 45/17; 57/20; 5/2; 40/17; 11/4; ; 14/5; 11/4; 14/5
META; english/league-1/oldham-v-port-vale; 2017-01-02 12:45:18 GMT+2; 2017-01-02 15:00; e70300-dr003
Oldham; 21/20; 1; 21/20; 21/20; 11/10; 1; 21/20; 11/10; 11/10; 21/20; 11/10; 21/20; 21/20; 11/10; 21/20; 21/20; 21/20; 19/17; 1; 10/9; 21/20; 11/10; 21/20; 19/17; 21/20; ; 21/20; 21/20; 10/9
Draw; 5/2; 12/5; 9/4; 23/10; 12/5; 9/4; 5/2; 23/10; 12/5; 23/10; 12/5; 23/10; 12/5; 5/2; 12/5; 12/5; 23/10; 40/17; 23/10; 23/10; 23/10; 49/20; 23/10; 40/17; 12/5; ; 23/10; 23/10; 12/5
Port Vale; 3; 14/5; 27/10; 13/5; 11/4; 12/5; 11/4; 5/2; 11/4; 13/5; 11/4; 13/5; 11/4; 29/10; 13/5; 11/4; 45/17; 40/17; 27/10; 23/10; 45/17; 57/20; 5/2; 40/17; 11/4; ; 14/5; 11/4; 14/5
META; english/league-1/oldham-v-port-vale; 2017-01-02 13:46:03 GMT+2; 2017-01-02 15:00; e70300-dr003
Oldham; 11/10; 21/20; 11/10; 21/20; 11/10; 1; 21/20; 11/10; 11/10; 21/20; 11/10; 21/20; 21/20; 11/10; 21/20; 21/20; 21/20; 19/17; 1; 10/9; 21/20; 113/100; 21/20; 19/17; 11/10; ; 11/10; 21/20; 10/9
Draw; 12/5; 23/10; 9/4; 23/10; 12/5; 9/4; 5/2; 23/10; 12/5; 9/4; 12/5; 23/10; 12/5; 5/2; 12/5; 12/5; 23/10; 40/17; 23/10; 23/10; 23/10; 49/20; 23/10; 40/17; 23/10; ; 23/10; 23/10; 12/5
Port Vale; 29/10; 11/4; 27/10; 13/5; 11/4; 12/5; 27/10; 5/2; 11/4; 13/5; 11/4; 13/5; 11/4; 14/5; 13/5; 11/4; 45/17; 40/17; 27/10; 23/10; 45/17; 69/25; 5/2; 40/17; 11/4; ; 11/4; 14/5; 14/5
META; english/league-1/oldham-v-port-vale; 2017-01-02 15:46:06 GMT+2; 2017-01-02 15:00; e70300-dr003
Oldham; 6/5; 11/10; 5/4; 23/20; 6/5; 11/10; 5/4; 11/10; 11/10; 6/5; 6/5; 21/20; 23/20; 5/4; 6/5; 15/13; 6/5; 19/17; 1; 10/9; 6/5; 31/25; 6/5; 19/17; 6/5; ; 6/5; 5/4; 5/4
Draw; 12/5; 23/10; 9/4; 9/4; 23/10; 43/20; 12/5; 23/10; 23/10; 9/4; 23/10; 23/10; 23/10; 12/5; 11/5; 23/10; 9/4; 40/17; 23/10; 23/10; 9/4; 12/5; 23/10; 40/17; 23/10; ; 9/4; 11/5; 23/10
Port Vale; 13/5; 13/5; 23/10; 12/5; 5/2; 9/4; 23/10; 5/2; 5/2; 23/10; 13/5; 13/5; 51/20; 5/2; 12/5; 5/2; 40/17; 40/17; 27/10; 23/10; 40/17; 5/2; 21/10; 40/17; 12/5; ; 12/5; 5/2; 5/2
META; english/league-1/oldham-v-port-vale; 2017-01-02 16:21:56 GMT+2; 2017-01-02 15:00; e70300-dr003
Oldham; 5/4; 6/5; 5/4; 6/5; 5/4; 11/10; 13/10; 11/10; 11/10; 6/5; 5/4; 21/20; 6/5; 5/4; 6/5; 6/5; 6/5; 19/17; 15/13; 10/9; 15/13; 31/25; 15/13; 19/17; 5/4; ; 6/5; 6/5; 5/4
Draw; 23/10; 23/10; 9/4; 9/4; 23/10; 43/20; 23/10; 23/10; 23/10; 9/4; 23/10; 23/10; 23/10; 12/5; 11/5; 23/10; 9/4; 40/17; 23/10; 23/10; 9/4; 12/5; 23/10; 40/17; 9/4; ; 9/4; 11/5; 23/10
Port Vale; 13/5; 23/10; 23/10; 23/10; 12/5; 9/4; 23/10; 5/2; 5/2; 23/10; 5/2; 13/5; 49/20; 5/2; 12/5; 12/5; 40/17; 40/17; 23/10; 23/10; 12/5; 5/2; 11/5; 40/17; 12/5; ; 12/5; 5/2; 5/2
META; english/league-1/oldham-v-port-vale; 2017-01-02 17:46:24 GMT+2; 2017-01-02 15:00; In Play; e70300-dr003
Oldham; 13/10; 11/8; 11/10; 5/4; 11/10; 5/4; 11/8; 6/4; ; 5/4; 6/5; 5/4; 13/10; 6/5; ; ; 1; 16/13; 23/17; ; 1; 123/100; ; ; ; ; ; 13/10; 
Draw; 6/4; 11/8; 11/5; 6/4; 11/5; 29/20; 6/4; 11/8; ; 6/4; 17/10; 13/8; 6/4; 2; ; ; 23/10; 8/5; 23/17; ; 23/10; 101/50; ; ; ; ; ; 6/4; 
Port Vale; 10/3; 3; 11/4; 11/4; 11/4; 3; 16/5; 3; ; 3; 29/10; 16/5; 16/5; 13/5; ; ; 11/4; 56/19; 3; ; 11/4; 137/50; ; ; ; ; ; 10/3; 
META; english/league-1/oldham-v-port-vale; 2017-01-02 18:29:15 GMT+2; 2017-01-02 15:00; In Play; e70300-dr003
Draw; 4/5; 8/11; 21/20; 6/4; 5/4; 3/4; 3/4; 8/11; ; 3/4; 10/11; 17/20; 10/13; 19/20; ; ; 7/5; 13/11; 3/4; ; 23/17; 149/100; ; ; ; ; ; 1; 
Oldham; 2; 2; 9/5; 5/4; 11/8; 19/10; 2; 23/10; ; 2; 9/5; 2; 2; 15/8; ; ; 23/17; 6/4; 2; ; 23/17; 29/20; ; ; ; ; ; 7/4; 
Port Vale; 5; 9/2; 19/5; 11/4; 4; 17/4; 5; 4; ; 9/2; 19/5; 9/2; 19/4; 4; ; ; 7/2; 18/5; 4; ; 17/5; 33/10; ; ; ; ; ; 4; 
